id,email,username,first_name,last_name
2,alicia.r.coffey@trashymail.com,adam_e_carter,Dianna,Warner
3,karine.f.bello@mailinator.com,alicia_r_coffey,Tracy,Wyman
4,bradley.g.chase@dodgit.com,alyssa_j_belcher,Timmy,Schmidt
5,dana.b.narcisse@trashymail.com,amanda_g_godfrey,Steve,Lewis
6,joanne.m.norton@mailinator.com,anne_t_dove,Richard,Clark
7,bernice.c.knott@pookmail.com,annie_j_bernard,Warren,Cromer
8,gregory.d.chapman@trashymail.com,annie_j_hays,Patricia,Bell
9,robert.b.wright@pookmail.com,antonio_d_braithwaite,Larry,Deskins
10,stephen.o.sweet@trashymail.com,arthur_s_simon,Marsha,Archer
11,peter.k.lewis@pookmail.com,bailey_m_alonzo,Marie,Christian
12,fatimah.m.hart@dodgit.com,barbara_c_post,Bessie,Sawyers
13,shirley.m.clark@pookmail.com,barbara_c_sousa,Lou,Tunnell
14,robert.s.moore@spambob.com,barbara_m_chavez,Davis,Hoffman
15,victor.t.washburn@trashymail.com,beatrice_r_downing,Joyce,Hearn
16,jeffrey.c.hargrave@trashymail.com,bernice_c_knott,Michael,Miller
17,ollie.j.vetter@mailinator.com,beverly_d_dry,Joann,Dufault
18,julio.m.chen@spambob.com,bradley_g_chase,Patricia,Shaw
19,linda.c.job@trashymail.com,brady_c_napier,Donna,Williams
20,irene.j.hurst@pookmail.com,brandi_r_robinson,William,Keenan
21,gregory.m.williamson@dodgit.com,brandon_a_oberlander,Colleen,Hyatt
22,silvia.t.mcintosh@pookmail.com,brenda_j_burkhardt,Lula,Villarreal
23,james.d.wetherbee@dodgit.com,brenda_m_clark,Shane,Hunter
24,amanda.g.godfrey@pookmail.com,brian_h_stapp,Christopher,Bullock
25,tarsha.r.hawks@mailinator.com,brian_m_johnson,Lisa,Day
26,brandon.a.oberlander@spambob.com,brook_j_whitworth,Lloyd,Lee
27,gail.d.fields@mailinator.com,carl_b_oconnor,Courtney,Langford
28,cecily.p.skinner@pookmail.com,carl_s_rockwood,Kathy,Martin
29,brook.j.whitworth@pookmail.com,carmen_r_arreola,Helen,Banker
30,kelly.e.avendano@spambob.com,carol_j_morgan,Frances,Washington
31,luis.e.erlandson@spambob.com,carol_m_dressler,Scott,Mccoy
32,annie.j.hays@pookmail.com,catherine_r_pinson,Robert,Kelly
33,walter.e.carr@dodgit.com,cecily_p_skinner,David,Lynch
34,thomas.e.corley@pookmail.com,chad_s_flores,Gene,Fugate
35,mandy.j.holland@spambob.com,chadwick_k_patten,Pearl,White
36,marion.c.baker@pookmail.com,charles_m_byrnes,Mary,Wheat
37,margaret.f.perry@pookmail.com,charles_v_williams,Andrew,Justice
38,raymond.g.west@trashymail.com,chris_l_beasley,Beatrice,Armijo
39,wendy.r.jameson@pookmail.com,christie_s_grubbs,Carrie,Morton
40,teresa.b.smith@trashymail.com,christina_g_robinson,Larry,Jensen
41,elise.g.watkins@trashymail.com,christine_g_taylor,Kathryn,Burton
42,ila.j.westgate@trashymail.com,clarence_i_fricke,Robert,Norris
43,nancy.s.quinn@dodgit.com,clifford_z_martinez,Deanna,Chappell
44,bailey.m.alonzo@spambob.com,clyde_c_palmer,Elnora,Calloway
45,clifford.z.martinez@trashymail.com,colleen_d_vasquez,Stacy,Smith
46,leslie.d.bartels@mailinator.com,curtis_k_hodges,Robin,Pelfrey
47,anne.t.dove@mailinator.com,dana_b_houston,Linda,Seaman
48,julia.t.haliburton@dodgit.com,dana_b_narcisse,Michael,Larson
49,jeffrey.l.marshall@mailinator.com,david_c_mcmahan,Myrtle,Gonzalez
50,gwendolyn.j.amar@dodgit.com,david_v_morgan,Helen,Wertz
51,rose.r.almanza@mailinator.com,dean_r_wright,Jeffrey,White
52,robert.d.fernandez@pookmail.com,deeann_r_hoffman,Kathleen,Simpson
53,robert.c.mullins@spambob.com,dianne_r_craft,John,Kahn
54,nelson.v.leavitt@dodgit.com,donald_r_roman,Deborah,Hollenbeck
55,carol.j.morgan@dodgit.com,dorothy_c_ashcraft,Margaret,Williams
56,jodi.r.glaude@dodgit.com,dorothy_j_roger,Zack,Rodriquez
57,christine.g.taylor@mailinator.com,edward_j_rodriguez,Frederick,Crowl
58,tom.l.sullivan@pookmail.com,edward_v_espinal,Patti,Bobby
59,paul.n.henry@dodgit.com,elaine_d_book,Calvin,Klemm
60,charles.v.williams@mailinator.com,elise_g_watkins,Rosemarie,Hubbard
61,fred.m.murray@dodgit.com,elizabeth_m_petty,Karen,Thompson
62,robert.a.drees@pookmail.com,erika_r_holloway,Milo,Atlas
63,stephen.p.snider@spambob.com,fatimah_m_hart,Ivan,Schrader
64,susan.w.hughes@spambob.com,felicia_j_knutson,Katherine,Garcia
65,henry.k.rowan@mailinator.com,frances_c_brown,Kathryn,Adam
66,martha.w.carter@dodgit.com,francine_a_mintz,Thaddeus,Sanford
67,walter.l.long@dodgit.com,fred_m_murray,Edward,Dean
68,curtis.k.hodges@dodgit.com,gabriel_l_madison,Tamara,Rogers
69,thomas.a.thompson@mailinator.com,gail_d_fields,Graciela,Butler
70,elizabeth.m.petty@mailinator.com,gale_m_krom,Rachel,Shelley
71,velma.s.terry@trashymail.com,gary_j_glenn,Arlene,Gonzalez
72,patricia.w.enoch@mailinator.com,george_j_cook,Dawn,Cardona
73,virginia.k.taylor@trashymail.com,gregory_d_chapman,Theresa,Cobbs
74,catherine.r.pinson@dodgit.com,gregory_m_williamson,Jimmy,Ketcham
75,marc.j.farmer@trashymail.com,gwendolyn_j_amar,Rhonda,Delay
76,dana.b.houston@dodgit.com,harold_m_murdock,Sandra,Espinoza
77,sam.l.roach@spambob.com,henry_k_rowan,Patrick,Wilson
78,walter.m.bishop@spambob.com,ila_j_westgate,Sherry,Defeo
79,monica.r.brown@trashymail.com,inez_j_balling,Cassandra,Defoor
80,gary.j.glenn@trashymail.com,irene_j_hurst,Robert,Rubio
81,patricia.w.rogers@spambob.com,isaac_t_branan,Russell,Bowen
82,monique.t.schumann@trashymail.com,james_d_wetherbee,Kimberly,Stevenson
83,walter.b.burgos@trashymail.com,james_f_sunderland,David,Peavler
84,colleen.d.vasquez@mailinator.com,james_j_crump,Louis,Whidden
85,marion.s.padgett@pookmail.com,james_m_bermudez,Bonnie,Ramirez
86,sophie.j.white@dodgit.com,james_n_james,Nicholas,Garrison
87,terry.a.tonkin@mailinator.com,james_v_hartung,Linda,Marini
88,oscar.j.ruiz@pookmail.com,james_w_ramirez,Dovie,Rodriguez
89,randall.k.hanley@dodgit.com,jared_a_elliot,David,Johnson
90,james.m.bermudez@pookmail.com,jeffrey_c_hargrave,Sadie,Buchanan
91,carl.s.rockwood@trashymail.com,jeffrey_l_marshall,Daisy,Conley
92,mary.e.turner@mailinator.com,jeffrey_m_taylor,Cecilia,Morrison
93,kent.j.goldberg@spambob.com,jeffrey_m_whitehead,Benjamin,Long
94,harold.m.murdock@trashymail.com,jennifer_r_barclay,Christina,Maroney
95,leah.r.david@mailinator.com,jerry_c_elmer,Carolyn,Ramsey
96,jared.a.elliot@dodgit.com,joanne_m_norton,Gayle,Blackburn
97,susan.j.morman@mailinator.com,jodi_r_glaude,Robert,Mccarty
98,david.v.morgan@pookmail.com,john_d_peters,Kanesha,Davis
99,laura.t.gildersleeve@dodgit.com,john_j_hutchinson,Demarcus,Sanchez
100,john.s.goods@trashymail.com,john_s_goods,Wayne,Peguero
101,david.c.mcmahan@mailinator.com,juanita_f_farias,Roxie,Willis
102,sarah.j.lee@dodgit.com,judith_j_archer,Leigh,Cockrell
103,deeann.r.hoffman@pookmail.com,julia_t_haliburton,Thomas,Nixon
104,dorothy.j.roger@trashymail.com,julio_m_chen,Jamie,Jones
105,beverly.d.dry@dodgit.com,karine_f_bello,Sandra,Moreno
106,oscar.j.floyd@spambob.com,kathleen_b_barnes,John,Young
107,brady.c.napier@mailinator.com,kelly_e_avendano,Don,Flores
108,steven.k.sanders@trashymail.com,kenneth_e_marshall,Marian,Mayfield
109,brenda.m.clark@trashymail.com,kent_j_goldberg,Daniel,Martin
110,barbara.c.sousa@mailinator.com,kimberly_j_harmon,Donna,Pedroza
111,preston.h.martins@mailinator.com,larry_l_moore,Mary,Murry
112,barbara.m.chavez@mailinator.com,laura_d_walton,Mark,Smith
113,michelle.j.cornett@pookmail.com,laura_t_gildersleeve,Madie,George
114,frances.c.brown@spambob.com,leah_r_david,Marvin,Mcdonald
115,christie.s.grubbs@spambob.com,leslie_d_bartels,Mitchell,Weaver
116,judith.j.archer@dodgit.com,linda_c_job,Autumn,Dinan
117,kenneth.e.marshall@trashymail.com,luis_e_erlandson,Henry,Rowe
118,sharon.j.apple@mailinator.com,lynda_r_kunz,David,Branch
119,charles.m.byrnes@mailinator.com,mandy_j_holland,Ruben,Rudolph
120,carol.m.dressler@mailinator.com,marc_j_farmer,Andrew,Day
121,jennifer.r.barclay@pookmail.com,margaret_f_perry,Ronald,Clare
122,patricia.p.howard@pookmail.com,marion_c_baker,James,George
123,matthew.n.pendleton@dodgit.com,marion_s_padgett,Gerald,Dixon
124,chad.s.flores@trashymail.com,martha_w_carter,Marylee,Colucci
125,alyssa.j.belcher@mailinator.com,mary_a_trujillo,Jack,Days
126,larry.l.moore@spambob.com,mary_e_turner,Kevin,Lindo
127,james.j.crump@dodgit.com,mason_c_wilson,William,Moore
128,mary.a.trujillo@pookmail.com,matthew_c_ketner,John,Myers
129,richard.e.larson@dodgit.com,matthew_n_pendleton,Helen,Parks
130,roger.p.fabela@mailinator.com,michelle_d_walsh,Gerard,Thomas
131,inez.j.balling@dodgit.com,michelle_j_cornett,Mary,Duffy
132,francine.a.mintz@dodgit.com,mitsue_w_swafford,Jessica,Hogan
133,beatrice.r.downing@spambob.com,monica_r_brown,Claire,Merritt
134,donald.r.roman@spambob.com,monique_t_schumann,Crystal,Lambert
135,sarah.m.stallings@mailinator.com,nancy_s_quinn,Jeffrey,Clark
136,edward.v.espinal@pookmail.com,nelson_v_leavitt,Shirley,Kostka
137,ronald.b.weber@mailinator.com,ollie_j_vetter,Christopher,Packard
138,gale.m.krom@pookmail.com,oscar_j_floyd,Margaret,Post
139,brian.m.johnson@mailinator.com,oscar_j_ruiz,Samuel,Mcdonald
140,elaine.d.book@pookmail.com,pamela_j_reed,Adam,Jackson
141,patricia.l.longoria@spambob.com,patricia_l_longoria,Gerald,Terry
142,james.f.sunderland@spambob.com,patricia_p_howard,Ray,Huff
143,ronald.d.morris@pookmail.com,patricia_w_enoch,Mark,Boone
144,laura.d.walton@dodgit.com,patricia_w_rogers,Dennis,Mckinney
145,isaac.t.branan@mailinator.com,paul_n_henry,Alex,White
146,juanita.f.farias@trashymail.com,paula_m_silva,Edward,Villanueva
147,perry.k.manning@trashymail.com,perry_k_manning,Sheryl,Thompson
148,chris.l.beasley@spambob.com,peter_k_lewis,Ben,Lockard
149,carl.b.oconnor@dodgit.com,preston_h_martins,Tonia,Crawford
150,annie.j.bernard@dodgit.com,randall_k_hanley,Marjory,Robinson
151,adam.e.carter@trashymail.com,raymond_g_west,Pennie,Griffin
152,kathleen.b.barnes@spambob.com,richard_c_jacobson,Sallie,Andre
153,shawnta.e.rodriquez@spambob.com,richard_e_larson,Thomas,Rubin
154,mitsue.w.swafford@pookmail.com,robert_a_drees,Rodney,Lloyd
155,lynda.r.kunz@mailinator.com,robert_b_wright,George,Skoog
156,sherri.l.nguyen@pookmail.com,robert_c_mullins,Allison,Cook
157,robert.v.hill@dodgit.com,robert_d_fernandez,Richard,Hennessy
158,james.w.ramirez@mailinator.com,robert_r_parker,Georgia,Dye
159,tina.r.cruz@trashymail.com,robert_r_simon,Beatrice,Michael
160,richard.c.jacobson@pookmail.com,robert_s_moore,Todd,Moser
161,dorothy.c.ashcraft@dodgit.com,robert_t_knox,Michael,Jones
162,jeffrey.m.whitehead@spambob.com,robert_v_hill,Oliver,Rogers
163,stanley.t.albrecht@spambob.com,roger_p_fabela,Irene,Berg
164,sharon.s.hamm@pookmail.com,ronald_b_weber,Noemi,Lopez
165,clyde.c.palmer@pookmail.com,ronald_d_morris,Annabelle,Atkins
166,jerry.c.elmer@mailinator.com,rose_r_almanza,Robert,Carrera
167,james.v.hartung@trashymail.com,sam_l_roach,Delia,Wortman
168,paula.m.silva@mailinator.com,samuel_c_baker,Stephen,Thurmond
169,robert.r.parker@spambob.com,sandra_l_cady,Kathleen,Byrum
170,john.d.peters@trashymail.com,sarah_j_lee,Ronald,Padgett
171,dianne.r.craft@trashymail.com,sarah_m_stallings,Kevin,Dillard
172,erika.r.holloway@spambob.com,sharon_j_apple,Brooke,Guzman
173,james.n.james@mailinator.com,sharon_s_hamm,Delois,Jennings
174,matthew.c.ketner@pookmail.com,shawnta_e_rodriquez,Marjorie,Taylor
175,thomas.s.goforth@dodgit.com,sherri_l_nguyen,Jennifer,Wright
176,john.j.hutchinson@spambob.com,shirley_m_clark,Robert,Ott
177,george.j.cook@pookmail.com,silvia_t_mcintosh,Rhonda,Johnson
178,brian.h.stapp@mailinator.com,sophie_j_white,Susan,Humphreys
179,kimberly.j.harmon@trashymail.com,stanley_t_albrecht,Judith,Gilkes
180,barbara.c.post@trashymail.com,stephen_o_sweet,Willie,Johnson
181,wilbur.m.clark@trashymail.com,stephen_p_snider,Brandy,Ponce
182,michelle.d.walsh@spambob.com,steven_k_sanders,Terri,Wash
183,brenda.j.burkhardt@spambob.com,susan_j_morman,Wendy,Hinojosa
184,gabriel.l.madison@mailinator.com,susan_w_hughes,William,Williams
185,felicia.j.knutson@mailinator.com,tarsha_r_hawks,Jamie,Long
186,jeffrey.m.taylor@pookmail.com,teresa_b_smith,Fred,Powers
187,robert.r.simon@spambob.com,terry_a_tonkin,William,Luft
188,chadwick.k.patten@trashymail.com,thomas_a_thompson,Paul,Livengood
189,sandra.l.cady@mailinator.com,thomas_e_corley,Shirley,Cooks
190,dean.r.wright@trashymail.com,thomas_s_goforth,Nicole,Snyder
191,brandi.r.robinson@spambob.com,tina_r_cruz,Phillip,Greenman
192,carmen.r.arreola@pookmail.com,tom_l_sullivan,Joyce,Dillon
193,antonio.d.braithwaite@trashymail.com,velma_s_terry,William,Ortega
194,pamela.j.reed@pookmail.com,victor_t_washburn,Sarah,Hawk
195,arthur.s.simon@spambob.com,virginia_k_taylor,Kendall,Messer
196,mason.c.wilson@mailinator.com,walter_b_burgos,Brendan,Mitchell
197,samuel.c.baker@pookmail.com,walter_e_carr,Rose,Wright
198,robert.t.knox@pookmail.com,walter_l_long,Todd,Gilmartin
199,clarence.i.fricke@dodgit.com,walter_m_bishop,Lillian,Faulkner
200,edward.j.rodriguez@mailinator.com,wendy_r_jameson,Juan,Choe
201,christina.g.robinson@mailinator.com,wilbur_m_clark,Patti,Thompson
